object,RA,DEC,logAge,age,FeH,Z,E(B-V),field,CTYPE,a,b,flag_u,flag_r,r_logAge,r__M_H_
NGC294,13.275,-73.38028,8.52,331131121.482591,-2.18,1.25531755121E-4,0.0904,MC0115,C,1.7,1.7,0.0,0.0,GGK10.CVH+06.PU99,PPV17
NGC361,15.545833,-71.605835,9.91,8128305161.641,-1.45,6.74145439544E-4,0.0813,MC0072,C,2.6,2.6,0.0,0.0,RGB+07,MSF98
OGLE-CL SMC  320,7.760833,-72.34055,9.63,4265795188.01593,-1.28,9.97134174475E-4,0.0543,MC0093,C,0.55,0.55,0.0,0.0,DKB+16,DKB+16
Cl Kron 28,12.92375,-71.99834,9.3,1995262314.96888,-1.2,0.001198818954512,0.0815,MC0094,C,1.7,1.7,1.0,1.0,PGC+14,PSC+01
OGLE-CL SMC  317,6.22625,-73.030556,9.58,3801893963.20561,-1.19,0.001226743035166,0.0687,MC0113,C,0.85,0.85,1.0,1.0,DKB+16,DKB+16
OGLE-CL SMC  311,6.702083,-71.53472,10.02,10471285480.509,-1.19,0.001226743035166,0.0804,MC0070,C,3.8,3.1,0.0,0.0,GGG+08.DKB+16,DH98
Cl Kron 21,10.350833,-72.89083,9.66,4570881896.14875,-1.14,0.001376428324142,0.0863,MC0114,C,2.5,2.5,0.0,0.0,PGC+14,PGG+09
Cl Lindsay 14,8.170833,-72.58056,9.45,2818382931.26445,-1.14,0.001376428324142,0.0781,MC0093,C,1.2,1.2,2.0,0.0,GGK10.DKB+16,DKB+16
OGLE-CL SMC  325,5.36375,-73.748055,9.71,5128613839.91366,-1.08,0.001580351165095,0.0655,MC0113,C,2.2,2.2,0.0,0.0,PGC+14.DKB+16,PGG+09
Bruck 113,15.7275,-73.337776,8.75,562341325.190349,-1.01,0.001856750719816,0.0967,MC0115,C,0.6,0.6,2.0,0.0,GGK10,PGC+16
HW52,16.7375,-73.23583,8.15,141253754.462276,-0.88,0.002504687803257,0.0853,MC0115,C,0.5,0.5,3.0,3.0,GGK10.MPS14,PPV17
HW52,16.7375,-73.23583,8.15,141253754.462276,-0.88,0.002504687803257,0.0853,MC0116,C,0.5,0.5,0.0,0.0,GGK10.MPS14,PPV17
Cl Kron 38,14.45625,-73.42306,9.48,3019951720.40202,-0.88,0.002504687803257,0.0726,MC0115,C,2.2,2.2,2.0,0.0,PGC+14,PPV17
Cl Kron 61,17.262917,-73.08667,8.13,134896288.259166,-0.88,0.002504687803257,0.0921,MC0116,C,0.95,0.95,0.0,0.0,GGK10.CVH+06.MPS14,PPV17
Cl Kron 63,17.696667,-72.793335,8.3,199526231.496888,-0.88,0.002504687803257,0.0918,MC0095,C,0.9,0.9,0.0,0.0,GGK10,PPV17
Cl Kron 63,17.696667,-72.793335,8.3,199526231.496888,-0.88,0.002504687803257,0.0918,MC0116,C,0.9,0.9,0.0,0.0,GGK10,PPV17
Cl Lindsay 100,19.570417,-72.00166,9.32,2089296130.85404,-0.88,0.002504687803257,0.0792,MC0095,C,1.0,1.0,0.0,0.0,PGC+14.PdGR+15,PPV17
Cl Lindsay 91,18.215,-73.118614,9.61,4073802778.04112,-0.88,0.002504687803257,0.1376,MC0116,C,1.2,1.2,1.0,0.0,GGK10.PGC+14,PPV17
OGLE-CL SMC  319,6.191667,-72.79389,9.81,6456542290.34656,-0.85,0.002683821334783,0.0693,MC0092,C,3.4,3.4,1.0,1.0,GGS+08.DKB+16,PGC+15
OGLE-CL SMC  319,6.191667,-72.79389,9.81,6456542290.34656,-0.85,0.002683821334783,0.0693,MC0113,C,3.4,3.4,1.0,1.0,GGS+08.DKB+16,PGC+15
Bruck 99,15.117917,-73.08611,8.23,169824365.246175,-0.84,0.002746335564417,0.0823,MC0115,C,0.75,0.75,0.0,0.0,CVH+06.PU99.MPS14,PGC+15
Cl Kron 13,8.92375,-73.5975,9.64,4365158322.40167,-0.84,0.002746335564417,0.0725,MC0114,C,1.9,1.9,1.0,1.0,GGK10.PGC+14,PGG+09
NGC411,16.980417,-71.76778,9.18,1513561248.43621,-0.84,0.002746335564417,0.0737,MC0095,C,2.1,1.9,0.0,0.0,RGB+07,DH98
NGC330,14.077917,-72.46333,7.63,42657951.8801593,-0.82,0.002875766372029,0.1098,MC0094,C,2.8,2.5,0.0,0.0,GGK10.CVH+06.PU99,DH98
Cl Kron 44,15.516667,-73.925835,9.48,3019951720.40202,-0.81,0.002942751575934,0.0849,MC0115,C,2.9,2.9,0.0,0.0,PGC+14,PGC+15
Cl Kron 44,15.516667,-73.925835,9.48,3019951720.40202,-0.81,0.002942751575934,0.0849,MC0135,C,2.9,2.9,3.0,3.0,PGC+14,PGC+15
[BS95] 90,14.77,-72.153336,9.65,4466835921.50964,-0.8,0.003011297065676,0.0765,MC0094,C,1.0,1.0,1.0,0.0,RGB+07,SSN+07
NGC152,8.234583,-73.11583,9.09,1230268770.81238,-0.8,0.003011297065676,0.0842,MC0114,C,3.0,3.0,0.0,0.0,GGK10.DKB+16,DH98
OGLE-CL SMC 133,15.630417,-72.31834,8.8,630957344.480194,-0.8,0.003011297065676,0.0917,MC0094,C,0.8,0.8,3.0,3.0,GGK10.CVH+06,PGC+15
OGLE-CL SMC 133,15.630417,-72.31834,8.8,630957344.480194,-0.8,0.003011297065676,0.0917,MC0095,C,0.8,0.8,2.0,0.0,GGK10.CVH+06,PGC+15
HW40,15.107083,-71.29417,9.56,3630780547.70102,-0.78,0.003153215124131,0.0696,MC0072,C,0.9,0.9,0.0,0.0,PGC+14.DKB+14,PGC+15
Cl Kron 11,9.113333,-72.47833,9.17,1479108388.16821,-0.78,0.003153215124131,0.0924,MC0093,C,1.1,1.1,0.0,0.0,DKB+16,DKB+16
OGLE-CL SMC  324,6.180833,-73.75389,9.15,1412537544.62276,-0.76,0.003301821574624,0.068,MC0113,C,1.8,1.8,0.0,0.0,PGC+14.DKB+16,PGG+09
[H86] 97,11.9675,-73.22195,8.37,234422881.531992,-0.71,0.00370470473954,0.1192,MC0114,C,0.7,0.6,3.0,3.0,CVH+06.PU99.MPS14,PGC+15
[H86] 97,11.9675,-73.22195,8.37,234422881.531992,-0.71,0.00370470473954,0.1192,MC0115,C,0.7,0.6,0.0,0.0,CVH+06.PU99.MPS14,PGC+15
HW31,13.891667,-74.062775,9.66,4570881896.14875,-0.7,0.003790998398441,0.08,MC0115,C,0.8,0.75,0.0,0.0,GGK10.PGC+14,PPV17
HW31,13.891667,-74.062775,9.66,4570881896.14875,-0.7,0.003790998398441,0.08,MC0135,C,0.8,0.75,0.0,0.0,GGK10.PGC+14,PPV17
HW63,17.55125,-73.208885,9.71,5128613839.91366,-0.7,0.003790998398441,0.1167,MC0116,C,0.75,0.75,2.0,2.0,GGK10.PGC+14,PPV17
Cl Kron 8,7.007917,-73.30333,9.47,2951209226.66639,-0.7,0.003790998398441,0.0704,MC0113,C,1.1,1.1,3.0,3.0,DKB+16,PGC+15
Cl Kron 8,7.007917,-73.30333,9.47,2951209226.66639,-0.7,0.003790998398441,0.0704,MC0114,C,1.1,1.1,1.0,1.0,DKB+16,PGC+15
OGLE-CL SMC 196,12.3625,-73.39861,8.23,169824365.246175,-0.7,0.003790998398441,0.0904,MC0115,C,0.35,0.35,2.0,2.0,CVH+06.MPS14,PPV17
OGLE-CL SMC  332,6.359583,-74.075,9.2,1584893192.46111,-0.63,0.004454034749108,0.0726,MC0113,C,1.0,1.0,0.0,0.0,DKB+16,PGC+15
OGLE-CL SMC  332,6.359583,-74.075,9.2,1584893192.46111,-0.63,0.004454034749108,0.0726,MC0133,C,1.0,1.0,0.0,0.0,DKB+16,PGC+15
Bruck 34,11.217083,-73.00166,9.08,1202264434.61741,-0.58,0.004997509184601,0.0845,MC0114,C,0.6,0.6,1.0,1.0,GGK10.CVH+06.PGC+14,PPV17
Cl Kron 55,16.885418,-73.12056,8.52,331131121.482591,-0.58,0.004997509184601,0.1022,MC0116,C,0.95,0.95,0.0,0.0,GGK10.CVH+06.MPS14,PPV17
[BS95] 75,13.62875,-74.185555,9.25,1778279410.03892,-0.48,0.006291491308169,0.0798,MC0115,C,1.2,1.2,3.0,3.0,GGK10.MPS14,PPV17
[BS95] 75,13.62875,-74.185555,9.25,1778279410.03892,-0.48,0.006291491308169,0.0798,MC0135,C,1.2,1.2,1.0,1.0,GGK10.MPS14,PPV17
[H86] 190,15.13875,-72.25806,7.5,31622776.6016838,-0.48,0.006291491308169,0.075,MC0094,C,0.4,0.4,0.0,0.0,CVH+06.PU99.MPS14,PPV17
[H86] 174,14.324583,-72.93361,8.53,338844156.139202,-0.4,0.007564036240516,0.1068,MC0094,C,0.45,0.45,3.0,3.0,CVH+06.MPS14,PPV17
[H86] 174,14.324583,-72.93361,8.53,338844156.139202,-0.4,0.007564036240516,0.1068,MC0115,C,0.45,0.45,0.0,0.0,CVH+06.MPS14,PPV17
[H86] 70,10.935,-72.97639,8.8,630957344.480194,-0.4,0.007564036240516,0.0827,MC0114,C,0.5,0.5,2.0,2.0,CVH+06,PPV17
NGC242,10.9025,-73.44444,7.83,67608297.5391982,-0.28,0.009971341744746,0.096,MC0114,C,0.75,0.75,2.0,2.0,CVH+06.PU99.MPS14,PPV17
NGC265,11.7975,-73.476944,8.25,177827941.003892,-0.28,0.009971341744746,0.1016,MC0114,C,1.2,1.2,3.0,3.0,GGK10.CVH+06.PU99,PPV17
NGC265,11.7975,-73.476944,8.25,177827941.003892,-0.28,0.009971341744746,0.1016,MC0115,C,1.2,1.2,0.0,0.0,GGK10.CVH+06.PU99,PPV17
OGLE-CL SMC  340,18.72,-71.55028,8.23,169824365.246175,-0.23,0.011188029451756,0.0711,MC0095,C,2.6,2.3,0.0,0.0,RGB+07,DH98
Bruck 124,16.259167,-73.04222,8.05,112201845.430197,-0.18,0.012553175512144,0.0836,MC0115,C,0.55,0.55,0.0,0.0,GGK10.MPS14,PPV17
Cl Kron 30,13.15,-72.19334,8.2,158489319.246111,-0.18,0.012553175512144,0.0793,MC0094,C,1.5,1.5,1.0,1.0,GGK10,PPV17
[H86] 188,15.0525,-72.46167,7.97,93325430.0796991,-0.1,0.015092236459761,0.1069,MC0094,C,1.3,0.7,1.0,1.0,CVH+06.PU99.MPS14,PPV17
[H86] 90,11.857083,-73.45472,8.4,251188643.150958,-0.1,0.015092236459761,0.1016,MC0114,C,0.5,0.45,3.0,3.0,GGK10.MPS14,PPV17
[H86] 90,11.857083,-73.45472,8.4,251188643.150958,-0.1,0.015092236459761,0.1016,MC0115,C,0.5,0.45,0.0,0.0,GGK10.MPS14,PPV17
IC1612,15.00875,-72.36806,7.9,79432823.4724282,-0.1,0.015092236459761,0.1031,MC0094,C,1.2,0.8,2.0,0.0,GGK10.CVH+06.PU99,PPV17
Cl Kron 42,15.141667,-72.365555,7.7,50118723.3627272,-0.1,0.015092236459761,0.0844,MC0094,C,0.85,0.85,0.0,0.0,GGK10.CVH+06.PU99,PPV17
Cl Kron 43,15.205833,-73.34778,8.15,141253754.462276,-0.1,0.015092236459761,0.0823,MC0115,C,1.2,1.2,2.0,2.0,GGK10.MPS14,PPV17
Cl Kron 47,15.7975,-72.272224,7.65,44668359.2150963,-0.1,0.015092236459761,0.0917,MC0094,C,0.75,0.75,3.0,3.0,GGK10.CVH+06.PU99.MPS14,PPV17
Cl Kron 47,15.7975,-72.272224,7.65,44668359.2150963,-0.1,0.015092236459761,0.0917,MC0095,C,0.75,0.75,0.0,0.0,GGK10.CVH+06.PU99.MPS14,PPV17
NGC241,10.883333,-73.43972,8.2,158489319.246111,-0.1,0.015092236459761,0.096,MC0114,C,0.95,0.95,2.0,2.0,GGK10.CVH+06.PU99.MPS14,PPV17
NGC256,11.475417,-73.50667,7.93,85113803.8202376,-0.1,0.015092236459761,0.1083,MC0114,C,0.9,0.9,0.0,0.0,GGK10.CVH+06.PU99,PPV17
NGC256,11.475417,-73.50667,7.93,85113803.8202376,-0.1,0.015092236459761,0.1083,MC0115,C,0.9,0.9,3.0,3.0,GGK10.CVH+06.PU99,PPV17
Bruck 6,6.997917,-74.40111,8.11,128824955.169313,-0.04,0.017328205947762,0.0887,MC0133,C,0.6,0.6,0.0,0.0,DKB+16,DKB+16
Bruck 103,15.2375,-73.15361,8.43,269153480.392691,-0.01,0.01856750719816,0.0855,MC0115,C,0.9,0.65,0.0,0.0,GGK10.MPS14,PPV17
Bruck 55,12.592083,-73.38695,8.21,162181009.735893,-0.01,0.01856750719816,0.0801,MC0115,C,0.7,0.6,1.0,1.0,GGK10.CVH+06.PU99.MPS14,PPV17
[BS95] 88,14.459167,-72.94361,9.26,1819700858.60998,-0.01,0.01856750719816,0.0938,MC0094,C,0.55,0.5,3.0,3.0,CVH+06.PGC+14,PPV17
[BS95] 88,14.459167,-72.94361,9.26,1819700858.60998,-0.01,0.01856750719816,0.0938,MC0115,C,0.55,0.5,2.0,0.0,CVH+06.PGC+14,PPV17
[H86] 76,11.50625,-73.39555,8.4,251188643.150958,-0.01,0.01856750719816,0.122,MC0114,C,0.45,0.45,1.0,1.0,MPS14,PPV17
[H86] 76,11.50625,-73.39555,8.4,251188643.150958,-0.01,0.01856750719816,0.122,MC0115,C,0.45,0.45,3.0,3.0,MPS14,PPV17
[H86] 87,11.770417,-73.37111,8.3,199526231.496888,-0.01,0.01856750719816,0.1124,MC0114,C,0.8,0.7,3.0,3.0,CVH+06.PU99.MPS14,PPV17
[H86] 87,11.770417,-73.37111,8.3,199526231.496888,-0.01,0.01856750719816,0.1124,MC0115,C,0.8,0.7,1.0,1.0,CVH+06.PU99.MPS14,PPV17
Cl Kron 25,12.004167,-73.486115,8.38,239883291.901949,-0.01,0.01856750719816,0.0935,MC0114,C,1.2,1.2,3.0,3.0,GGK10.CVH+06.PU99,PPV17
Cl Kron 25,12.004167,-73.486115,8.38,239883291.901949,-0.01,0.01856750719816,0.0935,MC0115,C,1.2,1.2,2.0,2.0,GGK10.CVH+06.PU99,PPV17
Cl Lindsay 39,12.262917,-73.361115,8.01,102329299.228075,-0.01,0.01856750719816,0.0801,MC0115,C,0.7,0.55,0.0,0.0,GGK10.CVH+06.PU99.MPS14,PPV17
NGC306,13.5625,-72.24139,7.7,50118723.3627272,-0.01,0.01856750719816,0.0834,MC0094,C,1.1,1.1,0.0,0.0,GGK10,PPV17
Bruck 10,9.435417,-73.210556,9.0,1.000.000.000.00,0.0,0.0,0.0818,MC0114,C,0.8,0.8,2.0,0.0,GGK10.CVH+06,
Bruck 100,15.099583,-72.089165,8.1,125892541.179417,0.0,0.0,0.0738,MC0094,C,0.65,0.65,0.0,0.0,GGK10,
Bruck 108,15.4625,-72.181946,8.75,562341325.190349,0.0,0.0,0.0716,MC0094,C,0.8,0.8,3.0,3.0,GGK10.CVH+06,
Bruck 108,15.4625,-72.181946,8.75,562341325.190349,0.0,0.0,0.0716,MC0095,C,0.8,0.8,2.0,0.0,GGK10.CVH+06,
Bruck 109,15.474167,-73.611115,9.4,2511886431.50958,0.0,0.0,0.0703,MC0115,C,0.7,0.7,2.0,2.0,GGK10,
Bruck 110,15.540833,-72.005554,8.0,100.000.000.00,0.0,0.0,0.0732,MC0094,C,0.55,0.45,3.0,3.0,GGK10,
Bruck 110,15.540833,-72.005554,8.0,100.000.000.00,0.0,0.0,0.0732,MC0095,C,0.55,0.45,2.0,0.0,GGK10,
Bruck 112,15.600417,-72.001114,0.0,0.00,0.0,0.0,0.0756,MC0094,C,0.35,0.3,3.0,3.0,,
Bruck 112,15.600417,-72.001114,0.0,0.00,0.0,0.0,0.0756,MC0095,C,0.35,0.3,2.0,2.0,,
Bruck 115,15.846667,-72.65083,7.43,26915348.0392691,0.0,0.0,0.0937,MC0095,C,0.9,0.8,2.0,0.0,GGK10.CVH+06.PU99,
Bruck 117,16.0525,-73.26056,8.3,199526231.496888,0.0,0.0,0.0949,MC0115,C,0.65,0.65,0.0,0.0,GGK10,
Bruck 119,16.080833,-73.16695,8.9,794328234.724282,0.0,0.0,0.0907,MC0115,C,0.6,0.6,0.0,0.0,GGK10,
Bruck 12,9.58625,-73.27111,9.0,1.000.000.000.00,0.0,0.0,0.0831,MC0114,C,0.45,0.35,0.0,0.0,CVH+06,
Bruck 120,16.130833,-73.039444,0.0,0.00,0.0,0.0,0.0836,MC0115,C,0.45,0.35,2.0,2.0,,
Bruck 121,16.124582,-72.61916,8.07,117489755.493953,0.0,0.0,0.0918,MC0095,C,0.65,0.65,0.0,0.0,GGK10.CVH+06.PU99,
Bruck 128,16.4625,-71.9525,8.35,223872113.856834,0.0,0.0,0.0962,MC0095,C,0.7,0.45,0.0,0.0,GGK10.CVH+06,
Bruck 129,16.758333,-72.62194,8.2,158489319.246111,0.0,0.0,0.1045,MC0095,C,1.1,1.1,0.0,0.0,GGK10.CVH+06.PU99,
Bruck 136,17.167084,-71.75889,8.7,501187233.627272,0.0,0.0,0.0708,MC0095,C,0.85,0.8,2.0,2.0,GGK10,
Bruck 137,17.61625,-72.95722,8.4,251188643.150958,0.0,0.0,0.0928,MC0095,C,0.6,0.6,3.0,3.0,GGK10,
Bruck 137,17.61625,-72.95722,8.4,251188643.150958,0.0,0.0,0.0928,MC0116,C,0.6,0.6,1.0,1.0,GGK10,
Bruck 139,17.610832,-71.56556,8.3,199526231.496888,0.0,0.0,0.072,MC0072,C,0.65,0.55,0.0,0.0,GGK10,
Bruck 139,17.610832,-71.56556,8.3,199526231.496888,0.0,0.0,0.072,MC0095,C,0.65,0.55,0.0,0.0,GGK10,
Bruck 143,18.183332,-72.75,8.25,177827941.003892,0.0,0.0,0.1019,MC0095,C,0.5,0.5,1.0,1.0,GGK10,
Bruck 143,18.183332,-72.75,8.25,177827941.003892,0.0,0.0,0.1019,MC0116,C,0.5,0.5,3.0,3.0,GGK10,
Bruck 149,18.646667,-72.99556,0.0,0.00,0.0,0.0,0.1022,MC0116,C,0.5,0.5,0.0,0.0,,
NoName_2,18.49375,-72.148056,0.0,0.00,0.0,0.0,0.0819,MC0095,C,0.3,0.3,0.0,0.0,,
Bruck 155,20.09875,-74.003334,8.7,501187233.627272,0.0,0.0,0.1026,MC0116,C,0.55,0.55,0.0,0.0,PdGR+15,
Bruck 155,20.09875,-74.003334,8.7,501187233.627272,0.0,0.0,0.1026,MC0136,C,0.55,0.55,0.0,0.0,PdGR+15,
Bruck 156,19.894583,-73.09639,7.5,31622776.6016838,0.0,0.0,0.1226,MC0116,C,0.65,0.45,0.0,0.0,GGK10,
Bruck 18,10.276667,-72.72583,0.0,0.00,0.0,0.0,0.0822,MC0093,C,0.35,0.3,0.0,0.0,,
Bruck 18,10.276667,-72.72583,0.0,0.00,0.0,0.0,0.0822,MC0114,C,0.35,0.3,3.0,3.0,,
Bruck 19,10.184583,-73.06167,7.8,63095734.4480193,0.0,0.0,0.093,MC0114,C,0.45,0.35,2.0,2.0,GGK10,
Bruck 20,10.200417,-73.069725,0.0,0.00,0.0,0.0,0.093,MC0114,C,0.3,0.3,2.0,2.0,,
Bruck 21,10.313333,-72.83195,0.0,0.00,0.0,0.0,0.0817,MC0093,C,0.35,0.35,2.0,0.0,,
Bruck 21,10.313333,-72.83195,0.0,0.00,0.0,0.0,0.0817,MC0114,C,0.35,0.35,2.0,0.0,,
Bruck 22,10.33625,-72.824165,0.0,0.00,0.0,0.0,0.0817,MC0093,C,0.35,0.35,2.0,2.0,,
Bruck 22,10.33625,-72.824165,0.0,0.00,0.0,0.0,0.0817,MC0114,C,0.35,0.35,2.0,2.0,,
Bruck 23,10.230833,-73.4025,7.98,95499258.6021437,0.0,0.0,0.0813,MC0114,C,0.6,0.5,1.0,1.0,GGK10.CVH+06.RZ05,
Bruck 26,10.187083,-73.74028,8.23,169824365.246175,0.0,0.0,0.0813,MC0114,C,0.9,0.9,2.0,2.0,GGK10.CVH+06,
Bruck 33,11.0525,-73.619446,8.4,251188643.150958,0.0,0.0,0.0904,MC0114,C,0.5,0.5,0.0,0.0,CVH+06,
Bruck 41,11.36375,-73.70361,8.0,100.000.000.00,0.0,0.0,0.0919,MC0114,C,0.5,0.5,0.0,0.0,GGK10,
Bruck 44,11.564583,-74.37778,0.0,0.00,0.0,0.0,0.0848,MC0134,C,0.5,0.5,0.0,0.0,,
Bruck 50,12.260417,-73.36583,7.0,10.000.000.00,0.0,0.0,0.0904,MC0115,C,0.55,0.55,1.0,1.0,GGK10.CVH+06,
Bruck 52,12.41625,-73.05861,8.5,316227766.016838,0.0,0.0,0.1061,MC0115,C,1.1,1.1,2.0,2.0,CVH+06,
Bruck 54,12.618333,-73.20306,8.2,158489319.246111,0.0,0.0,0.1,MC0115,C,0.65,0.65,1.0,1.0,GGK10.CVH+06,
Bruck 56,12.72875,-73.20167,7.75,56234132.5190349,0.0,0.0,0.0908,MC0115,C,0.45,0.45,2.0,0.0,CVH+06.PU99,
Bruck 64,13.1275,-73.04972,8.18,151356124.843621,0.0,0.0,0.0759,MC0115,C,0.7,0.7,2.0,0.0,GGK10.CVH+06.PU99,
Bruck 66,13.197083,-72.795555,8.6,398107170.553497,0.0,0.0,0.0981,MC0094,C,0.6,0.45,2.0,2.0,GGK10.CVH+06,
Bruck 66,13.197083,-72.795555,8.6,398107170.553497,0.0,0.0,0.0981,MC0115,C,0.6,0.45,2.0,2.0,GGK10.CVH+06,
Bruck 67,13.202917,-73.412224,8.6,398107170.553497,0.0,0.0,0.0904,MC0115,C,0.65,0.5,2.0,2.0,CVH+06.PU99,
Bruck 70,13.359167,-71.7475,0.0,0.00,0.0,0.0,0.0866,MC0094,C,0.55,0.45,0.0,0.0,,
Bruck 71,13.325,-72.76667,7.4,25118864.3150958,0.0,0.0,0.0981,MC0094,C,0.85,0.85,0.0,0.0,GGK10.CVH+06.PU99,
Bruck 71,13.325,-72.76667,7.4,25118864.3150958,0.0,0.0,0.0981,MC0115,C,0.85,0.85,0.0,0.0,GGK10.CVH+06.PU99,
Bruck 72,13.3625,-72.68916,7.5,31622776.6016838,0.0,0.0,0.099,MC0094,C,0.9,0.7,2.0,2.0,GGK10.CVH+06,
Bruck 74,13.49375,-72.200554,7.8,63095734.4480193,0.0,0.0,0.0834,MC0094,C,1.0,0.75,2.0,2.0,GGK10,
Bruck 78,13.690833,-72.125275,7.4,25118864.3150958,0.0,0.0,0.0791,MC0094,C,1.1,0.8,1.0,1.0,GGK10,
Bruck 79,13.697917,-72.465836,7.47,29512092.2666638,0.0,0.0,0.089,MC0094,C,0.8,0.6,0.0,0.0,GGK10.CVH+06.PU99,
Bruck 80,13.696667,-73.22305,8.53,338844156.139202,0.0,0.0,0.0831,MC0115,C,0.8,0.65,1.0,1.0,GGK10.CVH+06.PU99,
Bruck 81,13.872083,-71.88556,7.8,63095734.4480193,0.0,0.0,0.0842,MC0094,C,0.75,0.65,0.0,0.0,GGK10,
Bruck 82,13.90125,-71.9825,8.0,100.000.000.00,0.0,0.0,0.0814,MC0094,C,0.65,0.55,0.0,0.0,GGK10,
Bruck 83,13.876667,-73.07222,8.6,398107170.553497,0.0,0.0,0.0806,MC0115,C,0.55,0.55,2.0,0.0,CVH+06,
Bruck 87,14.026667,-73.776665,0.0,0.00,0.0,0.0,0.0801,MC0115,C,0.5,0.5,0.0,0.0,,
[RZ2005] 17,9.31625,-72.96222,0.0,0.00,0.0,0.0,0.0811,MC0093,C,0.45,0.45,3.0,3.0,,
[RZ2005] 17,9.31625,-72.96222,0.0,0.00,0.0,0.0,0.0811,MC0114,C,0.45,0.45,1.0,0.0,,
Bruck 92,14.547917,-72.00166,7.3,19952623.1496888,0.0,0.0,0.077,MC0094,C,0.65,0.55,0.0,0.0,GGK10,
Bruck 96,14.807083,-72.60833,8.3,199526231.496888,0.0,0.0,0.1166,MC0094,C,1.0,0.9,0.0,0.0,GGK10.CVH+06.PU99,
NoName_6,21.30375,-73.25833,0.0,0.00,0.0,0.0,0.0996,MC0116,C,0.35,0.35,3.0,3.0,,
NoName_7,21.30375,-73.25833,0.0,0.00,0.0,0.0,0.0996,MC0117,C,0.35,0.35,0.0,0.0,,
[BS95] 10,9.39125,-73.02472,9.0,1.000.000.000.00,0.0,0.0,0.082,MC0114,C,0.65,0.65,1.0,1.0,CVH+06,
[BS95] 102,15.311667,-73.795,0.0,0.00,0.0,0.0,0.0818,MC0115,C,0.5,0.35,0.0,0.0,,
[BS95] 116,16.029167,-71.325836,0.0,0.00,0.0,0.0,0.0614,MC0072,C,1.2,1.2,2.0,1.0,,
[BS95] 12,9.772917,-73.936386,9.0,1.000.000.000.00,0.0,0.0,0.086,MC0114,C,0.35,0.35,2.0,4.0,CVH+06,
[BS95] 12,9.772917,-73.936386,9.0,1.000.000.000.00,0.0,0.0,0.086,MC0134,C,0.35,0.35,3.0,3.0,CVH+06,
[BS95] 122,16.079166,-73.17528,0.0,0.00,0.0,0.0,0.0907,MC0115,C,0.35,0.35,1.0,1.0,,
[BS95] 126,16.1975,-71.541664,8.26,181970085.860998,0.0,0.0,0.0698,MC0072,C,0.6,0.6,2.0,2.0,PCG+15   8.26,
[BS95] 128,16.394583,-73.48778,8.25,177827941.003892,0.0,0.0,0.0937,MC0115,C,1.1,1.1,1.0,1.0,GGK10,
[BS95] 128,16.394583,-73.48778,8.25,177827941.003892,0.0,0.0,0.0937,MC0116,C,1.1,1.1,1.0,1.0,GGK10,
[BS95] 131,16.4975,-72.34055,8.1,125892541.179417,0.0,0.0,0.0811,MC0095,C,0.55,0.5,0.0,0.0,CVH+06.RZ05,
[BS95] 138,16.81625,-72.1025,9.22,1659586907.43756,0.0,0.0,0.0859,MC0095,C,1.3,0.65,1.0,1.0,RZ05,
[BS95] 146,17.767082,-72.35083,0.0,0.00,0.0,0.0,0.0874,MC0095,C,0.45,0.35,0.0,0.0,,
[BS95] 16,10.745417,-73.168335,8.45,281838293.126445,0.0,0.0,0.0976,MC0114,C,0.55,0.5,0.0,0.0,CVH+06.PU99,
OGLE-CL SMC  291,21.0625,-73.16778,8.3,199526231.496888,0.0,0.0,0.1173,MC0116,C,0.5,0.5,0.0,0.0,PdGR+15,
[BS95] 254,13.215417,-72.73639,7.15,14125375.4462276,0.0,0.0,0.105,MC0094,C,0.5,0.4,0.0,0.0,GGK10.CVH+06,
[BS95] 254,13.215417,-72.73639,7.15,14125375.4462276,0.0,0.0,0.105,MC0115,C,0.5,0.4,3.0,3.0,GGK10.CVH+06,
[BS95] 255,13.228333,-73.02889,8.9,794328234.724282,0.0,0.0,0.0786,MC0115,C,0.4,0.3,2.0,0.0,CVH+06,
[BS95] 259,13.731667,-72.44611,7.75,56234132.5190349,0.0,0.0,0.089,MC0094,C,0.55,0.5,0.0,0.0,GGK10.CVH+06,
[BS95] 276,17.523333,-72.736946,8.25,177827941.003892,0.0,0.0,0.087,MC0095,C,0.8,0.75,0.0,0.0,GGK10,
[BS95] 277,18.49375,-72.14778,8.7,501187233.627272,0.0,0.0,0.0819,MC0095,C,0.5,0.45,0.0,0.0,GGK10,
[BS95] 280,18.839582,-72.35028,0.0,0.00,0.0,0.0,0.0792,MC0095,C,0.3,0.3,0.0,0.0,,
OGLE-CL SMC  287,21.376667,-73.38861,0.0,0.00,0.0,0.0,0.0921,MC0116,C,0.5,0.5,3.0,3.0,,
OGLE-CL SMC  287,21.376667,-73.38861,0.0,0.00,0.0,0.0,0.0921,MC0117,C,0.5,0.5,1.0,1.0,,
[BS95] 30,11.399583,-73.480835,8.9,794328234.724282,0.0,0.0,0.1083,MC0114,C,0.4,0.35,1.0,1.0,CVH+06,
[BS95] 39,12.55,-73.34805,7.5,31622776.6016838,0.0,0.0,0.0874,MC0115,C,0.45,0.4,1.0,1.0,CVH+06,
[BS95] 41,12.275,-73.352776,8.0,100.000.000.00,0.0,0.0,0.0801,MC0115,C,0.55,0.55,0.0,0.0,CVH+06.PU99,
[BS95] 43,12.3075,-73.3675,0.0,0.00,0.0,0.0,0.0904,MC0115,C,0.7,0.55,2.0,2.0,,
[BS95] 46,12.658333,-72.97722,8.0,100.000.000.00,0.0,0.0,0.1007,MC0094,C,0.5,0.45,3.0,3.0,CVH+06.PU99,
[BS95] 46,12.658333,-72.97722,8.0,100.000.000.00,0.0,0.0,0.1007,MC0115,C,0.5,0.45,1.0,1.0,CVH+06.PU99,
[BS95] 5,7.59375,-73.33444,0.0,0.00,0.0,0.0,0.0895,MC0114,C,0.45,0.35,1.0,1.0,,
[BS95] 56,13.056667,-73.003334,8.0,100.000.000.00,0.0,0.0,0.0759,MC0094,C,0.7,0.55,3.0,3.0,CVH+06.PU99,
[BS95] 56,13.056667,-73.003334,8.0,100.000.000.00,0.0,0.0,0.0759,MC0115,C,0.7,0.55,1.0,1.0,CVH+06.PU99,
[BS95] 57,13.136667,-73.03361,7.6,39810717.0553497,0.0,0.0,0.0759,MC0115,C,0.35,0.25,2.0,0.0,CVH+06,
[BS95] 58,13.147083,-73.3825,8.5,316227766.016838,0.0,0.0,0.0904,MC0115,C,0.65,0.5,2.0,2.0,CVH+06,
[BS95] 60,13.1775,-72.925,7.87,74131024.1300918,0.0,0.0,0.0877,MC0094,C,0.8,0.8,3.0,3.0,GGK10.CVH+06.PU99,
[BS95] 60,13.1775,-72.925,7.87,74131024.1300918,0.0,0.0,0.0877,MC0115,C,0.8,0.8,1.0,1.0,GGK10.CVH+06.PU99,
[BS95] 63,13.195833,-73.406944,8.6,398107170.553497,0.0,0.0,0.0904,MC0115,C,0.5,0.4,1.0,1.0,GGK10.CVH+06,
[BS95] 76,13.907083,-71.92028,8.1,125892541.179417,0.0,0.0,0.0842,MC0094,C,0.55,0.55,1.0,1.0,GGK10,
[BS95] 81,14.107917,-72.49722,8.0,100.000.000.00,0.0,0.0,0.106,MC0094,C,0.6,0.55,2.0,0.0,CVH+06,
[BS95] 82,14.12125,-72.54528,8.7,501187233.627272,0.0,0.0,0.106,MC0094,C,0.6,0.5,2.0,2.0,CVH+06,
[BS95] 93,14.909583,-71.73778,0.0,0.00,0.0,0.0,0.0888,MC0094,C,0.4,0.35,1.0,1.0,,
[BGB2018] SMC-NUV-668,10.0575,-73.85667,9.85,7079457843.84137,0.0,0.0,0.0813,MC0114,C,1.18,1.18,1.0,1.0,BGB+18,
[H86] 101,12.13375,-72.761665,8.3,199526231.496888,0.0,0.0,0.0971,MC0094,C,0.5,0.5,2.0,2.0,GGK10,
[H86] 102,12.36125,-73.53167,8.53,338844156.139202,0.0,0.0,0.0861,MC0115,C,0.55,0.55,2.0,2.0,GGK10.CVH+06,
[H86] 103,12.270833,-73.05111,7.0,10.000.000.00,0.0,0.0,0.1187,MC0115,C,0.55,0.45,2.0,0.0,CVH+06,
[H86] 104,12.300417,-73.10833,9.0,1.000.000.000.00,0.0,0.0,0.1242,MC0115,C,0.4,0.4,2.0,2.0,CVH+06,
[H86] 105,12.744583,-73.50222,7.9,79432823.4724282,0.0,0.0,0.0839,MC0115,C,0.45,0.45,1.0,1.0,CVH+06,
[H86] 109,12.437083,-72.86639,8.43,269153480.392691,0.0,0.0,0.1278,MC0094,C,0.45,0.45,1.0,1.0,GGK10.CVH+06.PU99,
[H86] 109,12.437083,-72.86639,8.43,269153480.392691,0.0,0.0,0.1278,MC0115,C,0.45,0.45,1.0,1.0,GGK10.CVH+06.PU99,
[H86] 11,8.235,-73.50306,0.0,0.00,0.0,0.0,0.0781,MC0114,C,0.65,0.65,2.0,0.0,,
[H86] 112,12.532083,-73.190834,8.0,100.000.000.00,0.0,0.0,0.1,MC0115,C,0.65,0.55,2.0,0.0,CVH+06.PU99,
[H86] 113,12.793333,-73.58972,8.1,125892541.179417,0.0,0.0,0.0792,MC0115,C,0.4,0.4,2.0,0.0,CVH+06,
[H86] 114,12.642083,-72.65083,8.2,158489319.246111,0.0,0.0,0.0874,MC0094,C,0.75,0.65,0.0,0.0,GGK10,
[H86] 116,12.665,-72.964165,8.07,117489755.493953,0.0,0.0,0.1007,MC0094,C,0.5,0.5,3.0,3.0,GGK10.CVH+06.PU99,
[H86] 116,12.665,-72.964165,8.07,117489755.493953,0.0,0.0,0.1007,MC0115,C,0.5,0.5,1.0,1.0,GGK10.CVH+06.PU99,
[H86] 117,12.921667,-73.53083,8.2,158489319.246111,0.0,0.0,0.0834,MC0115,C,0.45,0.45,0.0,0.0,GGK10,
[H86] 119,12.9,-72.540276,7.0,10.000.000.00,0.0,0.0,0.0882,MC0094,C,0.65,0.55,2.0,0.0,CVH+06,
NoName_11,8.252917,-72.988335,0.0,0.00,0.0,0.0,0.0776,MC0093,C,0.3,0.3,3.0,3.0,,
NoName_12,8.252917,-72.988335,0.0,0.00,0.0,0.0,0.0776,MC0114,C,0.3,0.3,2.0,0.0,,
[H86] 120,12.941667,-73.46694,0.0,0.00,0.0,0.0,0.0834,MC0115,C,0.35,0.35,2.0,2.0,,
[H86] 121,12.84,-73.138336,8.8,630957344.480194,0.0,0.0,0.0908,MC0115,C,0.55,0.55,2.0,0.0,CVH+06,
[H86] 122,12.999583,-73.46139,8.1,125892541.179417,0.0,0.0,0.0834,MC0115,C,0.45,0.45,2.0,2.0,GGK10,
[H86] 123,12.93375,-73.16695,8.3,199526231.496888,0.0,0.0,0.0952,MC0115,C,0.55,0.55,2.0,0.0,CVH+06,
[H86] 126,12.973333,-73.098335,8.3,199526231.496888,0.0,0.0,0.0759,MC0115,C,0.5,0.5,2.0,2.0,CVH+06.PU99,
[H86] 128,13.011667,-72.818054,8.3,199526231.496888,0.0,0.0,0.0996,MC0094,C,0.55,0.55,0.0,0.0,CVH+06,
[H86] 128,13.011667,-72.818054,8.3,199526231.496888,0.0,0.0,0.0996,MC0115,C,0.55,0.55,0.0,0.0,CVH+06,
[H86] 129,13.052083,-72.53083,7.7,50118723.3627272,0.0,0.0,0.0929,MC0094,C,0.65,0.45,0.0,0.0,CVH+06.PU99,
[H86] 13,8.373333,-73.54417,0.0,0.00,0.0,0.0,0.0726,MC0114,C,0.4,0.4,2.0,2.0,,
[H86] 130,13.069583,-73.01778,7.57,37153522.9097173,0.0,0.0,0.0759,MC0115,C,0.75,0.6,1.0,1.0,GGK10.CVH+06.PU99,
[H86] 132,13.132917,-72.63084,8.4,251188643.150958,0.0,0.0,0.1014,MC0094,C,0.5,0.4,1.0,1.0,CVH+06,
[H86] 133,13.138333,-72.680275,7.4,25118864.3150958,0.0,0.0,0.1014,MC0094,C,0.75,0.75,1.0,1.0,CVH+06.PU99,
[H86] 134e,13.2025,-72.98944,8.1,125892541.179417,0.0,0.0,0.0786,MC0094,C,0.5,0.45,3.0,3.0,CVH+06,
[H86] 134e,13.2025,-72.98944,8.1,125892541.179417,0.0,0.0,0.0786,MC0115,C,0.5,0.45,2.0,0.0,CVH+06,
[H86] 135,13.199583,-72.511665,8.7,501187233.627272,0.0,0.0,0.0929,MC0094,C,0.55,0.55,2.0,0.0,CVH+06,
[H86] 136,13.277917,-72.34389,0.0,0.00,0.0,0.0,0.0968,MC0094,C,0.45,0.45,0.0,0.0,,
[H86] 137,13.1375,-72.68056,0.0,0.00,0.0,0.0,0.1014,MC0094,C,0.9,0.9,1.0,1.0,,
[H86] 138,13.289167,-72.574165,8.6,398107170.553497,0.0,0.0,0.0925,MC0094,C,0.45,0.45,2.0,0.0,CVH+06,
[H86] 139,13.285,-72.83278,0.0,0.00,0.0,0.0,0.0877,MC0094,C,0.35,0.3,2.0,2.0,,
[H86] 139,13.285,-72.83278,0.0,0.00,0.0,0.0,0.0877,MC0115,C,0.35,0.3,2.0,2.0,,
[H86] 140,13.28375,-72.83305,7.8,63095734.4480193,0.0,0.0,0.0877,MC0094,C,0.45,0.4,2.0,2.0,CVH+06,
[H86] 140,13.28375,-72.83305,7.8,63095734.4480193,0.0,0.0,0.0877,MC0115,C,0.45,0.4,2.0,2.0,CVH+06,
[H86] 142,13.394583,-72.49028,8.0,100.000.000.00,0.0,0.0,0.09,MC0094,C,0.9,0.9,2.0,0.0,GGK10,
[H86] 143,13.379167,-72.66778,7.8,63095734.4480193,0.0,0.0,0.099,MC0094,C,0.8,0.8,2.0,0.0,CVH+06,
[H86] 144,13.515,-73.32361,8.35,223872113.856834,0.0,0.0,0.0908,MC0115,C,0.55,0.55,2.0,0.0,GGK10,
[H86] 145,13.401667,-72.351944,7.8,63095734.4480193,0.0,0.0,0.0904,MC0094,C,0.45,0.45,0.0,0.0,GGK10,
[H86] 146,13.413333,-72.39278,8.2,158489319.246111,0.0,0.0,0.09,MC0094,C,0.9,0.9,1.0,1.0,GGK10,
[H86] 147,13.454167,-72.89528,8.53,338844156.139202,0.0,0.0,0.0867,MC0094,C,1.2,1.2,1.0,1.0,GGK10.CVH+06,
[H86] 147,13.454167,-72.89528,8.53,338844156.139202,0.0,0.0,0.0867,MC0115,C,1.2,1.2,1.0,1.0,GGK10.CVH+06,
[H86] 148,13.47125,-72.672775,8.8,630957344.480194,0.0,0.0,0.0992,MC0094,C,0.5,0.5,0.0,0.0,GGK10.CVH+06,
[H86] 149,13.5675,-72.51972,8.8,630957344.480194,0.0,0.0,0.089,MC0094,C,0.55,0.45,2.0,0.0,GGK10.CVH+06,
[H86] 15,8.46,-73.00472,0.0,0.00,0.0,0.0,0.0827,MC0093,C,0.4,0.35,3.0,3.0,,
[H86] 15,8.46,-73.00472,0.0,0.00,0.0,0.0,0.0827,MC0114,C,0.4,0.35,2.0,2.0,,
[H86] 150,13.7475,-73.41861,0.0,0.00,0.0,0.0,0.0784,MC0115,C,0.75,0.65,0.0,0.0,,
[H86] 151,13.6175,-73.04417,9.0,1.000.000.000.00,0.0,0.0,0.0751,MC0115,C,0.5,0.5,0.0,0.0,CVH+06,
[H86] 155,13.799167,-73.29639,8.75,562341325.190349,0.0,0.0,0.082,MC0115,C,0.5,0.5,0.0,0.0,GGK10.CVH+06,
[H86] 156,13.699583,-72.70389,8.8,630957344.480194,0.0,0.0,0.1051,MC0094,C,0.45,0.45,0.0,0.0,CVH+06,
[H86] 156,13.699583,-72.70389,8.8,630957344.480194,0.0,0.0,0.1051,MC0115,C,0.45,0.45,3.0,3.0,CVH+06,
[H86] 158,13.785417,-72.81111,7.6,39810717.0553497,0.0,0.0,0.1034,MC0094,C,0.5,0.5,2.0,0.0,CVH+06,
[H86] 158,13.785417,-72.81111,7.6,39810717.0553497,0.0,0.0,0.1034,MC0115,C,0.5,0.5,2.0,0.0,CVH+06,
[H86] 159,13.799583,-72.68278,9.0,1.000.000.000.00,0.0,0.0,0.1051,MC0094,C,0.5,0.4,1.0,1.0,CVH+06,
[H86] 159,13.799583,-72.68278,9.0,1.000.000.000.00,0.0,0.0,0.1051,MC0115,C,0.5,0.4,3.0,3.0,CVH+06,
[H86] 16,8.522083,-73.05167,0.0,0.00,0.0,0.0,0.0808,MC0114,C,0.65,0.45,2.0,0.0,,
[H86] 160,13.835417,-72.675,0.0,0.00,0.0,0.0,0.1051,MC0094,C,0.4,0.4,0.0,0.0,,
[H86] 160,13.835417,-72.675,0.0,0.00,0.0,0.0,0.1051,MC0115,C,0.4,0.4,3.0,3.0,,
[H86] 164,13.937917,-72.704445,8.7,501187233.627272,0.0,0.0,0.1074,MC0094,C,0.45,0.35,2.0,0.0,CVH+06,
[H86] 164,13.937917,-72.704445,8.7,501187233.627272,0.0,0.0,0.1074,MC0115,C,0.45,0.35,3.0,3.0,CVH+06,
[H86] 165,13.924583,-72.88028,8.05,112201845.430197,0.0,0.0,0.0951,MC0094,C,1.1,1.1,2.0,0.0,GGK10.CVH+06.PU99,
[H86] 165,13.924583,-72.88028,8.05,112201845.430197,0.0,0.0,0.0951,MC0115,C,1.1,1.1,2.0,0.0,GGK10.CVH+06.PU99,
[H86] 167,14.017917,-73.08972,8.7,501187233.627272,0.0,0.0,0.0791,MC0115,C,0.5,0.5,0.0,0.0,CVH+06,
[H86] 169,14.0425,-72.79528,7.2,15848931.9246111,0.0,0.0,0.1137,MC0094,C,0.35,0.35,1.0,1.0,CVH+06,
[H86] 169,14.0425,-72.79528,7.2,15848931.9246111,0.0,0.0,0.1137,MC0115,C,0.35,0.35,1.0,1.0,CVH+06,
[H86] 170,14.084583,-72.354164,0.0,0.00,0.0,0.0,0.1063,MC0094,C,0.5,0.5,2.0,2.0,,
[H86] 171,14.16375,-72.2175,0.0,0.00,0.0,0.0,0.1063,MC0094,C,0.55,0.35,0.0,0.0,,
[H86] 172,14.144583,-72.50222,8.8,630957344.480194,0.0,0.0,0.106,MC0094,C,0.55,0.55,2.0,0.0,CVH+06,
[H86] 173,14.338333,-72.57611,8.05,112201845.430197,0.0,0.0,0.1145,MC0094,C,0.5,0.4,1.0,1.0,GGK10.CVH+06,
[H86] 175,14.459583,-72.44028,8.0,100.000.000.00,0.0,0.0,0.1192,MC0094,C,0.4,0.4,0.0,0.0,CVH+06,
[H86] 176,14.464167,-72.49556,8.15,141253754.462276,0.0,0.0,0.1192,MC0094,C,0.6,0.5,1.0,1.0,GGK10.CVH+06,
[H86] 177,14.45875,-72.507774,8.05,112201845.430197,0.0,0.0,0.1192,MC0094,C,0.75,0.75,0.0,0.0,CVH+06.PU99,
[H86] 179,14.4875,-72.445,7.5,31622776.6016838,0.0,0.0,0.1192,MC0094,C,0.4,0.35,2.0,0.0,PU99,
[H86] 181,14.579167,-72.299164,7.6,39810717.0553497,0.0,0.0,0.0976,MC0094,C,0.65,0.65,1.0,1.0,GGK10.CVH+06,
[H86] 183,14.639583,-72.280556,7.65,44668359.2150963,0.0,0.0,0.0976,MC0094,C,0.55,0.55,1.0,0.0,CVH+06.PU99,
[H86] 185,14.730417,-72.82778,8.7,501187233.627272,0.0,0.0,0.0977,MC0094,C,0.35,0.35,2.0,0.0,CVH+06,
[H86] 185,14.730417,-72.82778,8.7,501187233.627272,0.0,0.0,0.0977,MC0115,C,0.35,0.35,2.0,0.0,CVH+06,
[H86] 186,14.981667,-72.37194,8.15,141253754.462276,0.0,0.0,0.1031,MC0094,C,0.6,0.6,1.0,1.0,GGK10.CVH+06,
NoName_21,14.102917,-73.33417,0.0,0.00,0.0,0.0,0.0782,MC0115,C,0.3,0.3,2.0,0.0,,
[H86] 189,15.13625,-72.23917,8.8,630957344.480194,0.0,0.0,0.075,MC0094,C,0.4,0.4,2.0,0.0,CVH+06,
[H86] 191,15.2425,-72.53972,8.3,199526231.496888,0.0,0.0,0.0968,MC0094,C,0.8,0.8,2.0,0.0,GGK10.CVH+06,
[H86] 193,15.324583,-72.22833,8.35,223872113.856834,0.0,0.0,0.0716,MC0094,C,0.55,0.55,2.0,0.0,GGK10.CVH+06,
[H86] 193,15.324583,-72.22833,8.35,223872113.856834,0.0,0.0,0.0716,MC0095,C,0.55,0.55,2.0,0.0,GGK10.CVH+06,
[H86] 194,15.30875,-72.55055,8.4,251188643.150958,0.0,0.0,0.0978,MC0094,C,0.85,0.85,1.0,1.0,CVH+06,
[H86] 196,17.105833,-71.83806,8.55,354813389.233576,0.0,0.0,0.0901,MC0095,C,0.65,0.65,2.0,0.0,GGK10,
[H86] 21,8.816667,-73.53083,0.0,0.00,0.0,0.0,0.0749,MC0114,C,0.7,0.5,1.0,1.0,,
OGLE-CL SMC  288,21.190416,-73.42333,0.0,0.00,0.0,0.0,0.0973,MC0116,C,0.45,0.45,0.0,0.0,,
OGLE-CL SMC  288,21.190416,-73.42333,0.0,0.00,0.0,0.0,0.0973,MC0117,C,0.45,0.45,0.0,0.0,,
[H86] 212,21.312082,-73.50166,0.0,0.00,0.0,0.0,0.0936,MC0116,C,0.6,0.55,3.0,3.0,,
[H86] 212,21.312082,-73.50166,0.0,0.00,0.0,0.0,0.0936,MC0117,C,0.6,0.55,0.0,0.0,,
[H86] 22,8.727083,-73.03555,0.0,0.00,0.0,0.0,0.088,MC0114,C,0.3,0.3,2.0,2.0,,
[H86] 24,8.858333,-73.40833,0.0,0.00,0.0,0.0,0.0834,MC0114,C,0.4,0.4,0.0,1.0,,
[H86] 25,8.866667,-73.47889,0.0,0.00,0.0,0.0,0.0806,MC0114,C,0.45,0.35,1.0,1.0,,
[H86] 30,9.058333,-73.4125,8.9,794328234.724282,0.0,0.0,0.0821,MC0114,C,0.35,0.35,2.0,0.0,CVH+06,
[H86] 33,9.075833,-73.05778,0.0,0.00,0.0,0.0,0.0869,MC0114,C,0.45,0.45,2.0,0.0,,
[H86] 35,9.161667,-73.08583,8.8,630957344.480194,0.0,0.0,0.0904,MC0114,C,0.35,0.35,1.0,1.0,CVH+06,
[H86] 40,9.45625,-73.4825,8.8,630957344.480194,0.0,0.0,0.0734,MC0114,C,0.45,0.35,0.0,0.0,CVH+06,
[H86] 41,9.382917,-72.96222,0.0,0.00,0.0,0.0,0.0811,MC0093,C,0.55,0.4,3.0,3.0,,
[H86] 41,9.382917,-72.96222,0.0,0.00,0.0,0.0,0.0811,MC0114,C,0.55,0.4,2.0,0.0,,
[H86] 42,9.420833,-73.12111,8.9,794328234.724282,0.0,0.0,0.083,MC0114,C,0.5,0.45,2.0,0.0,CVH+06,
[H86] 43,9.46375,-73.12111,8.88,758577575.029185,0.0,0.0,0.083,MC0114,C,0.55,0.55,2.0,0.0,GGK10.CVH+06,
[H86] 47,9.70375,-73.27556,9.0,1.000.000.000.00,0.0,0.0,0.0816,MC0114,C,0.3,0.3,2.0,2.0,CVH+06,
[H86] 48,9.731667,-73.40833,8.0,100.000.000.00,0.0,0.0,0.0756,MC0114,C,0.5,0.4,2.0,2.0,CVH+06,
[H86] 53,9.809167,-72.90278,8.75,562341325.190349,0.0,0.0,0.0841,MC0093,C,0.7,0.7,2.0,2.0,GGK10,
[H86] 53,9.809167,-72.90278,8.75,562341325.190349,0.0,0.0,0.0841,MC0114,C,0.7,0.7,2.0,2.0,GGK10,
[H86] 54,9.895417,-73.38306,8.5,316227766.016838,0.0,0.0,0.0792,MC0114,C,0.55,0.55,2.0,2.0,GGK10.CVH+06,
[H86] 55,9.858333,-73.10639,8.93,851138038.202376,0.0,0.0,0.0845,MC0114,C,0.45,0.35,2.0,0.0,GGK10.CVH+06,
[H86] 58,10.020833,-73.14278,8.9,794328234.724282,0.0,0.0,0.085,MC0114,C,0.6,0.6,1.0,1.0,GGK10,
[H86] 59,10.12125,-73.45861,8.0,100.000.000.00,0.0,0.0,0.0795,MC0114,C,0.5,0.45,0.0,2.0,CVH+06,
[H86] 60,10.186667,-73.1175,9.03,1071519305.2376,0.0,0.0,0.0913,MC0114,C,0.4,0.3,2.0,0.0,GGK10.CVH+06,
[H86] 62,10.2,-73.08806,8.6,398107170.553497,0.0,0.0,0.093,MC0114,C,0.6,0.6,0.0,0.0,GGK10,
[H86] 64,10.265417,-73.20417,0.0,0.00,0.0,0.0,0.0951,MC0114,C,0.2,0.2,2.0,2.0,,
[H86] 68,10.658333,-72.45583,9.77,5888436553.55588,0.0,0.0,0.0819,MC0093,C,1.1,1.1,0.0,0.0,GGK10.RZ05,
NoName_27,10.595,-73.08861,0.0,0.00,0.0,0.0,0.0969,MC0114,C,0.3,0.3,2.0,0.0,,
[H86] 74,11.30875,-73.219444,8.0,100.000.000.00,0.0,0.0,0.1342,MC0114,C,0.7,0.6,0.0,0.0,GGK10.CVH+06.PU99,
[H86] 77,11.4025,-72.295,0.0,0.00,0.0,0.0,0.0783,MC0093,C,0.45,0.35,3.0,3.0,,
[H86] 77,11.4025,-72.295,0.0,0.00,0.0,0.0,0.0783,MC0094,C,0.45,0.35,2.0,0.0,,
[H86] 79,11.495,-72.59611,8.7,501187233.627272,0.0,0.0,0.0792,MC0094,C,0.45,0.45,0.0,0.0,RZ05,
NoName_31,10.894583,-73.24139,0.0,0.00,0.0,0.0,0.1116,MC0114,C,0.4,0.35,2.0,2.0,,
NoName_32,11.636667,-72.6,0.0,0.00,0.0,0.0,0.0823,MC0094,C,0.3,0.25,2.0,2.0,,
[H86] 86,11.754167,-73.39306,8.05,112201845.430197,0.0,0.0,0.1124,MC0114,C,0.8,0.65,3.0,3.0,GGK10.CVH+06,
[H86] 86,11.754167,-73.39306,8.05,112201845.430197,0.0,0.0,0.1124,MC0115,C,0.8,0.65,1.0,1.0,GGK10.CVH+06,
[H86] 91,11.88375,-73.43361,0.0,0.00,0.0,0.0,0.1016,MC0114,C,0.4,0.4,3.0,3.0,,
[H86] 91,11.88375,-73.43361,0.0,0.00,0.0,0.0,0.1016,MC0115,C,0.4,0.4,0.0,0.0,,
[H86] 96,11.931667,-73.01278,0.0,0.00,0.0,0.0,0.1217,MC0115,C,0.3,0.3,2.0,0.0,,
HW10,9.129167,-72.98639,9.09,1230268770.81238,0.0,0.0,0.0839,MC0093,C,0.95,0.95,3.0,3.0,GGK10.RZ05,
HW10,9.129167,-72.98639,9.09,1230268770.81238,0.0,0.0,0.0839,MC0114,C,0.95,0.95,1.0,1.0,GGK10.RZ05,
HW11,9.380417,-73.6125,8.43,269153480.392691,0.0,0.0,0.0732,MC0114,C,1.3,1.3,0.0,0.0,GGK10.CVH+06.PU99.RZ05,
HW14,10.061667,-73.86972,8.75,562341325.190349,0.0,0.0,0.0865,MC0114,C,1.7,1.5,1.0,1.0,GGK10,
HW15,10.201667,-74.022224,8.9,794328234.724282,0.0,0.0,0.0912,MC0114,C,1.0,0.75,1.0,1.0,GGK10,
HW15,10.201667,-74.022224,8.9,794328234.724282,0.0,0.0,0.0912,MC0134,C,1.0,0.75,1.0,1.0,GGK10,
HW18,10.756667,-72.40833,0.0,0.00,0.0,0.0,0.0779,MC0093,C,1.0,1.0,2.0,0.0,,
HW19,10.8625,-74.18444,8.95,891250938.133744,0.0,0.0,0.082,MC0134,C,1.0,1.0,2.0,0.0,GGK10,
HW20,11.2,-74.36305,9.08,1202264434.61741,0.0,0.0,0.0877,MC0134,C,0.75,0.75,2.0,0.0,RZ05,
HW21,11.4125,-74.00861,0.0,0.00,0.0,0.0,0.0846,MC0114,C,0.45,0.4,2.0,0.0,,
HW21,11.4125,-74.00861,0.0,0.00,0.0,0.0,0.0846,MC0134,C,0.45,0.4,2.0,0.0,,
HW23,11.675833,-73.774445,0.0,0.00,0.0,0.0,0.0779,MC0114,C,0.55,0.45,2.0,2.0,,
HW23,11.675833,-73.774445,0.0,0.00,0.0,0.0,0.0779,MC0115,C,0.55,0.45,2.0,2.0,,
HW24,11.882083,-72.47444,9.58,3801893963.20561,0.0,0.0,0.0918,MC0094,C,1.7,1.7,2.0,0.0,GGK10.RZ05,
HW25,12.184583,-74.30278,8.65,446683592.150963,0.0,0.0,0.0849,MC0134,C,0.5,0.4,2.0,0.0,GGK10,
HW27,12.635,-74.61444,8.3,199526231.496888,0.0,0.0,0.0886,MC0134,C,0.65,0.65,1.0,1.0,GGK10,
HW27,12.635,-74.61444,8.3,199526231.496888,0.0,0.0,0.0886,MC0135,C,0.65,0.65,1.0,1.0,GGK10,
HW28,12.666667,-74.117226,0.0,0.00,0.0,0.0,0.083,MC0115,C,0.55,0.45,2.0,0.0,,
HW30,13.617083,-73.6175,8.85,707945784.384137,0.0,0.0,0.077,MC0115,C,0.55,0.45,2.0,0.0,GGK10,
HW34,14.466667,-73.54528,8.8,630957344.480194,0.0,0.0,0.0708,MC0115,C,1.0,1.0,2.0,2.0,GGK10,
HW35,14.675,-73.583885,8.25,177827941.003892,0.0,0.0,0.0666,MC0115,C,0.85,0.85,1.0,1.0,GGK10,
HW37,14.815833,-71.76778,8.05,112201845.430197,0.0,0.0,0.0888,MC0094,C,0.75,0.75,0.0,0.0,GGK10,
HW38,14.86,-73.81694,8.8,630957344.480194,0.0,0.0,0.0757,MC0115,C,0.8,0.8,2.0,0.0,GGK10,
HW39,14.8775,-71.66778,8.2,158489319.246111,0.0,0.0,0.0888,MC0094,C,0.75,0.75,0.0,0.0,GGK10,
HW43,15.284583,-71.754166,8.2,158489319.246111,0.0,0.0,0.0842,MC0094,C,0.8,0.8,0.0,0.0,GGK10,
HW46,15.998333,-73.699165,0.0,0.00,0.0,0.0,0.0719,MC0115,C,0.5,0.45,0.0,0.0,,
HW48,16.24375,-73.63695,8.4,251188643.150958,0.0,0.0,0.077,MC0115,C,0.65,0.65,0.0,0.0,GGK10,
HW48,16.24375,-73.63695,8.4,251188643.150958,0.0,0.0,0.077,MC0116,C,0.65,0.65,3.0,3.0,GGK10,
HW49,16.4875,-73.388885,0.0,0.00,0.0,0.0,0.0929,MC0115,C,0.4,0.4,3.0,3.0,,
HW49,16.4875,-73.388885,0.0,0.00,0.0,0.0,0.0929,MC0116,C,0.4,0.4,2.0,2.0,,
HW50,16.5125,-71.71139,8.45,281838293.126445,0.0,0.0,0.0808,MC0072,C,1.2,1.2,3.0,3.0,GGK10,
HW50,16.5125,-71.71139,8.45,281838293.126445,0.0,0.0,0.0808,MC0095,C,1.2,1.2,1.0,1.0,GGK10,
HW53,16.745417,-73.57806,8.85,707945784.384137,0.0,0.0,0.0869,MC0115,C,0.65,0.65,3.0,0.0,GGK10,
HW53,16.745417,-73.57806,8.85,707945784.384137,0.0,0.0,0.0869,MC0116,C,0.65,0.65,2.0,0.0,GGK10,
HW54,16.816668,-72.101944,0.0,0.00,0.0,0.0,0.0859,MC0095,C,0.5,0.4,1.0,1.0,,
HW57,16.937918,-71.8775,8.85,707945784.384137,0.0,0.0,0.105,MC0095,C,1.4,1.4,2.0,2.0,GGK10,
HW61,17.42625,-72.29528,8.3,199526231.496888,0.0,0.0,0.0867,MC0095,C,0.65,0.65,0.0,0.0,GGK10,
HW64,17.688334,-71.33861,8.25,177827941.003892,0.0,0.0,0.0515,MC0072,C,0.9,0.9,0.0,0.0,GGK10,
HW65,17.99375,-72.271385,8.9,794328234.724282,0.0,0.0,0.0993,MC0095,C,0.7,0.7,2.0,0.0,RZ05,
HW68,18.467916,-73.416115,8.9,794328234.724282,0.0,0.0,0.1242,MC0116,C,0.55,0.55,2.0,2.0,GGK10,
HW70,18.73125,-72.20583,8.4,251188643.150958,0.0,0.0,0.0814,MC0095,C,0.65,0.55,0.0,0.0,GGK10,
NAME HW 71NW,18.871668,-72.37639,0.0,0.00,0.0,0.0,0.0792,MC0095,C,0.3,0.3,2.0,0.0,,
[RZ2005] 199,18.884167,-72.37889,7.18,15135612.4843621,0.0,0.0,0.0792,MC0095,C,0.65,0.55,1.0,1.0,GGK10.RZ05,
OGLE-CL SMC  339,19.105417,-71.32694,8.3,199526231.496888,0.0,0.0,0.0575,MC0073,C,1.0,0.9,0.0,0.0,GGK10.PdGR+15,
HW74,19.2,-73.16,8.8,630957344.480194,0.0,0.0,0.1437,MC0116,C,0.55,0.5,2.0,0.0,GGK10.PdGR+15,
HW77,20.045834,-72.62194,9.15,1412537544.62276,0.0,0.0,0.0701,MC0095,C,1.4,1.2,3.0,3.0,PdGR+15,
HW77,20.045834,-72.62194,9.15,1412537544.62276,0.0,0.0,0.0701,MC0096,C,1.4,1.2,2.0,0.0,PdGR+15,
HW78,20.33625,-73.094444,0.0,0.00,0.0,0.0,0.1095,MC0116,C,0.45,0.35,0.0,0.0,,
OGLE-CL SMC  290,21.115417,-73.17111,7.8,63095734.4480193,0.0,0.0,0.1173,MC0116,C,0.8,0.6,0.0,0.0,PdGR+15,
OGLE-CL SMC  290,21.115417,-73.17111,7.8,63095734.4480193,0.0,0.0,0.1173,MC0117,C,0.8,0.6,0.0,0.0,PdGR+15,
HW9,9.107083,-73.00166,9.36,2290867652.76777,0.0,0.0,0.0869,MC0093,C,0.75,0.75,3.0,3.0,RZ05,
HW9,9.107083,-73.00166,9.36,2290867652.76777,0.0,0.0,0.0869,MC0114,C,0.75,0.75,1.0,1.0,RZ05,
IC1611,14.94875,-72.333885,8.17,147910838.816821,0.0,0.0,0.0924,MC0094,C,1.5,1.5,0.0,0.0,GGK10.CVH+06.PU99,
IC1624,16.338333,-72.04278,8.28,190546071.796324,0.0,0.0,0.087,MC0095,C,0.9,0.9,0.0,0.0,GGK10.CVH+06.PU99,
IC1626,16.555416,-73.29694,8.35,223872113.856834,0.0,0.0,0.0907,MC0115,C,1.0,1.0,3.0,3.0,GGK10,
IC1626,16.555416,-73.29694,8.35,223872113.856834,0.0,0.0,0.0907,MC0116,C,1.0,1.0,0.0,0.0,GGK10,
IC1641,17.4125,-71.766945,8.3,199526231.496888,0.0,0.0,0.0735,MC0095,C,0.75,0.65,0.0,0.0,GGK10,
IC1655,17.974167,-71.32972,8.3,199526231.496888,0.0,0.0,0.0612,MC0072,C,1.7,1.5,0.0,0.0,GGK10.vdB81,
IC1660,18.1575,-71.76111,8.2,158489319.246111,0.0,0.0,0.0676,MC0095,C,1.1,1.1,0.0,0.0,GGK10.vdB81,
IC1662,18.1375,-73.456665,8.1,125892541.179417,0.0,0.0,0.1166,MC0116,C,1.2,1.2,0.0,0.0,GGK10,
Cl Kron 15,10.05375,-72.69861,8.7,501187233.627272,0.0,0.0,0.0911,MC0093,C,1.1,1.1,2.0,0.0,GGK10,
Cl Kron 15,10.05375,-72.69861,8.7,501187233.627272,0.0,0.0,0.0911,MC0114,C,1.1,1.1,3.0,3.0,GGK10,
Cl Kron 16,10.139167,-72.74,8.8,630957344.480194,0.0,0.0,0.0911,MC0093,C,0.85,0.85,2.0,2.0,GGK10,
Cl Kron 16,10.139167,-72.74,8.8,630957344.480194,0.0,0.0,0.0911,MC0114,C,0.85,0.85,3.0,3.0,GGK10,
Cl Kron 17,10.255,-72.57278,8.55,354813389.233576,0.0,0.0,0.0763,MC0093,C,1.1,1.1,0.0,0.0,GGK10,
Cl Kron 27,12.056667,-73.86222,9.04,1096478196.14318,0.0,0.0,0.075,MC0115,C,1.7,1.7,1.0,1.0,GGK10.PCG+15,
Cl Kron 29,12.973333,-72.952225,8.1,125892541.179417,0.0,0.0,0.0858,MC0094,C,0.95,0.95,3.0,3.0,CVH+06.PU99,
Cl Kron 29,12.973333,-72.952225,8.1,125892541.179417,0.0,0.0,0.0858,MC0115,C,0.95,0.95,0.0,0.0,CVH+06.PU99,
Cl Kron 31,13.254167,-72.89694,7.2,15848931.9246111,0.0,0.0,0.0877,MC0094,C,4.3,4.3,2.0,2.0,CVH+06,
Cl Kron 31,13.254167,-72.89694,7.2,15848931.9246111,0.0,0.0,0.0877,MC0115,C,4.3,4.3,2.0,2.0,CVH+06,
Cl Kron 34,13.888333,-72.83222,8.6,398107170.553497,0.0,0.0,0.0951,MC0094,C,1.2,1.2,0.0,0.0,CVH+06.PU99,
Cl Kron 34,13.888333,-72.83222,8.6,398107170.553497,0.0,0.0,0.0951,MC0115,C,1.2,1.2,0.0,0.0,CVH+06.PU99,
Cl Kron 45,15.691667,-73.73778,8.4,251188643.150958,0.0,0.0,0.0697,MC0115,C,0.55,0.45,2.0,2.0,GGK10,
Cl Kron 50,16.150417,-72.160835,7.07,11748975.5493953,0.0,0.0,0.0852,MC0095,C,1.0,1.0,2.0,0.0,GGK10.CVH+06.PU99,
Cl Kron 54,16.699167,-72.272224,7.58,38018939.6320561,0.0,0.0,0.082,MC0095,C,0.9,0.9,0.0,0.0,GGK10.CVH+06.PU99,
Cl Kron 56,16.868334,-72.492775,7.97,93325430.0796991,0.0,0.0,0.0798,MC0095,C,1.1,0.9,2.0,2.0,GGK10.CVH+06.PU99,
Cl Kron 68,18.88875,-72.623055,8.7,501187233.627272,0.0,0.0,0.0799,MC0095,C,1.0,1.0,0.0,0.0,GGK10.PdGR+15,
Cl Lindsay 33,11.854167,-72.840836,7.95,89125093.8133746,0.0,0.0,0.0894,MC0094,C,1.0,0.8,0.0,1.0,GGK10.CVH+06,
Cl Lindsay 41,12.7325,-72.72639,8.17,147910838.816821,0.0,0.0,0.1131,MC0094,C,0.65,0.65,0.0,0.0,GGK10.CVH+06.PU99,
Cl Lindsay 48,13.366667,-71.39861,7.8,63095734.4480193,0.0,0.0,0.0661,MC0071,C,0.95,0.95,0.0,0.0,GGK10,
Cl Lindsay 51,13.724583,-72.11222,7.8,63095734.4480193,0.0,0.0,0.0791,MC0094,C,1.2,0.9,1.0,1.0,GGK10,
Cl Lindsay 52,13.82125,-73.507225,8.2,158489319.246111,0.0,0.0,0.0802,MC0115,C,0.75,0.75,0.0,0.0,GGK10,
Cl Lindsay 56,14.375833,-72.26417,7.63,42657951.8801593,0.0,0.0,0.1027,MC0094,C,0.95,0.95,0.0,0.0,GGK10.CVH+06.PU99,
Cl Lindsay 65,15.252917,-72.75,8.07,117489755.493953,0.0,0.0,0.0855,MC0094,C,1.1,1.1,2.0,0.0,GGK10.CVH+06.PU99,
Cl Lindsay 65,15.252917,-72.75,8.07,117489755.493953,0.0,0.0,0.0855,MC0115,C,1.1,1.1,2.0,0.0,GGK10.CVH+06.PU99,
Cl Lindsay 66,15.435833,-72.56416,7.33,21379620.8950223,0.0,0.0,0.0962,MC0094,C,1.1,1.1,0.0,0.0,GGK10.CVH+06.PU99,
Cl Lindsay 66,15.435833,-72.56416,7.33,21379620.8950223,0.0,0.0,0.0962,MC0095,C,1.1,1.1,0.0,0.0,GGK10.CVH+06.PU99,
Cl Lindsay 78,16.72,-71.690834,8.2,158489319.246111,0.0,0.0,0.0768,MC0072,C,1.6,1.6,3.0,3.0,GGK10,
Cl Lindsay 78,16.72,-71.690834,8.2,158489319.246111,0.0,0.0,0.0768,MC0095,C,1.6,1.6,2.0,2.0,GGK10,
Cl Lindsay 80,16.866667,-72.76945,8.13,134896288.259166,0.0,0.0,0.0863,MC0095,C,1.2,1.2,2.0,2.0,GGK10.CVH+06.PU99,
Cl Lindsay 93,18.200832,-73.47361,9.0,1.000.000.000.00,0.0,0.0,0.1105,MC0116,C,1.1,1.1,2.0,2.0,GGK10,
OGLE-CL SMC  341,18.688334,-71.34722,8.4,251188643.150958,0.0,0.0,0.0615,MC0072,C,1.0,1.0,0.0,0.0,GGK10.PdGR+15,
NGC176,8.995,-73.16583,8.2,158489319.246111,0.0,0.0,0.0904,MC0114,C,1.2,1.2,0.0,0.0,GGK10,
NGC222,10.185417,-73.38417,8.03,107151930.52376,0.0,0.0,0.0813,MC0114,C,1.2,1.2,1.0,1.0,GGK10.CVH+06.PU99,
NGC231,10.278333,-73.35111,7.87,74131024.1300918,0.0,0.0,0.0813,MC0114,C,1.8,1.8,0.0,0.0,GGK10.CVH+06.PU99,
NGC269,12.0875,-73.53028,8.5,316227766.016838,0.0,0.0,0.0896,MC0114,C,1.2,1.2,3.0,3.0,CVH+06,
NGC269,12.0875,-73.53028,8.5,316227766.016838,0.0,0.0,0.0896,MC0115,C,1.2,1.2,0.0,0.0,CVH+06,
NGC290,12.812083,-73.16111,7.4,25118864.3150958,0.0,0.0,0.0908,MC0115,C,1.1,1.1,1.0,1.0,GGK10.CVH+06.PU99,
NGC422,17.354584,-71.76611,8.15,141253754.462276,0.0,0.0,0.0735,MC0095,C,1.0,1.0,0.0,0.0,GGK10,
OGLE-CL SMC  250,21.140833,-73.23917,0.0,0.00,0.0,0.0,0.1132,MC0116,C,1.45,1.45,1.0,1.0,,
OGLE-CL SMC  250,21.140833,-73.23917,0.0,0.00,0.0,0.0,0.1132,MC0117,C,1.45,1.45,1.0,1.0,,
OGLE-CL SMC  251,21.160833,-73.21611,0.0,0.00,0.0,0.0,0.1132,MC0116,C,1.55,1.55,1.0,1.0,,
OGLE-CL SMC  251,21.160833,-73.21611,0.0,0.00,0.0,0.0,0.1132,MC0117,C,1.55,1.55,1.0,1.0,,
OGLE-CL SMC  254,20.720833,-74.19139,0.0,0.00,0.0,0.0,0.0984,MC0136,C,1.67,1.67,2.0,2.0,,
OGLE-CL SMC  265,6.324583,-73.86972,0.0,0.00,0.0,0.0,0.0695,MC0113,C,1.3,1.3,2.0,0.0,,
OGLE-CL SMC  267,6.636667,-73.63528,0.0,0.00,0.0,0.0,0.0669,MC0113,C,1.75,1.75,2.0,2.0,,
OGLE-CL SMC  270,6.520417,-74.416664,0.0,0.00,0.0,0.0,0.0868,MC0133,C,1.67,1.67,2.0,2.0,,
OGLE-CL SMC  271,8.364167,-74.361664,0.0,0.00,0.0,0.0,0.0781,MC0134,C,1.2,1.2,2.0,0.0,,
OGLE-CL SMC  273,8.366667,-74.36278,0.0,0.00,0.0,0.0,0.0781,MC0134,C,1.35,1.35,2.0,0.0,,
OGLE-CL SMC  330,7.165417,-74.39889,0.0,0.00,0.0,0.0,0.0902,MC0133,C,1.7,1.7,1.0,1.0,,
NoName_33,15.325833,-73.465836,0.0,0.00,0.0,0.0,0.0793,MC0115,C,0.35,0.35,0.0,0.0,,
NoName_34,16.04625,-74.29806,0.0,0.00,0.0,0.0,0.0693,MC0135,C,0.35,0.35,2.0,0.0,,
NoName_35,16.194584,-72.71611,0.0,0.00,0.0,0.0,0.0839,MC0095,C,0.35,0.35,2.0,2.0,,
NoName_36,18.09875,-72.29195,0.0,0.00,0.0,0.0,0.0852,MC0095,C,0.35,0.35,0.0,0.0,,
NoName_37,20.753332,-73.21861,0.0,0.00,0.0,0.0,0.106,MC0116,C,0.5,0.5,2.0,2.0,,
[RZ2005] 108,14.523333,-71.869446,8.0,100.000.000.00,0.0,0.0,0.0848,MC0094,C,0.4,0.4,2.0,2.0,RZ05,
[RZ2005] 117,15.03125,-71.876114,8.02,104712854.80509,0.0,0.0,0.0777,MC0094,C,0.5,0.5,2.0,2.0,RZ05,
[RZ2005] 130,15.387083,-72.20472,8.17,147910838.816821,0.0,0.0,0.0716,MC0094,C,0.5,0.5,2.0,2.0,RZ05,
[RZ2005] 130,15.387083,-72.20472,8.17,147910838.816821,0.0,0.0,0.0716,MC0095,C,0.5,0.5,2.0,2.0,RZ05,
[RZ2005] 139,15.65875,-73.38167,6.7,5011872.33627272,0.0,0.0,0.0842,MC0115,C,0.4,0.4,2.0,2.0,RZ05,
[RZ2005] 191,18.180834,-72.810555,7.23,16982436.5246175,0.0,0.0,0.1019,MC0095,C,0.8,0.8,2.0,2.0,RZ05,
[RZ2005] 191,18.180834,-72.810555,7.23,16982436.5246175,0.0,0.0,0.1019,MC0116,C,0.8,0.8,2.0,2.0,RZ05,
[RZ2005] 20,9.611667,-73.85222,6.6,3981071.70553497,0.0,0.0,0.0814,MC0114,C,0.7,0.7,2.0,2.0,RZ05,
[RZ2005] 61,12.625417,-72.95111,8.45,281838293.126445,0.0,0.0,0.1231,MC0094,C,0.35,0.35,3.0,3.0,RZ05,
[RZ2005] 61,12.625417,-72.95111,8.45,281838293.126445,0.0,0.0,0.1231,MC0115,C,0.35,0.35,2.0,2.0,RZ05,
[RZ2005] 82,13.288333,-71.99528,9.8,6309573444.80194,0.0,0.0,0.0767,MC0094,C,0.5,0.5,2.0,2.0,RZ05,
[RZ2005] 92,13.820417,-71.842224,8.83,676082975.391982,0.0,0.0,0.0847,MC0094,C,0.6,0.6,2.0,2.0,RZ05,
NoName_61,13.88125,-73.94334,0.0,0.00,0.0,0.0,0.0834,MC0115,C,0.35,0.25,2.0,2.0,,
NoName_64,14.674583,-73.56416,0.0,0.00,0.0,0.0,0.0666,MC0115,C,0.2,0.15,2.0,2.0,,
NoName_71,16.73125,-73.22972,0.0,0.00,0.0,0.0,0.0853,MC0115,C,0.3,0.3,3.0,3.0,,
NoName_72,16.73125,-73.22972,0.0,0.00,0.0,0.0,0.0853,MC0116,C,0.3,0.3,2.0,2.0,,
OGLE-CL SMC 132,15.555417,-72.96639,8.65,446683592.150963,0.0,0.0,0.0807,MC0115,C,0.65,0.65,2.0,0.0,GGK10.CVH+06,
OGLE-CL SMC 173,10.550417,-73.26722,0.0,0.00,0.0,0.0,0.0989,MC0114,C,0.2,0.2,2.0,0.0,,
OGLE-CL SMC 180,11.345833,-72.92861,8.93,851138038.202376,0.0,0.0,0.0845,MC0114,C,0.25,0.25,2.0,2.0,GGK10.CVH+06,
OGLE-CL SMC 192,12.107917,-73.00667,8.7,501187233.627272,0.0,0.0,0.1173,MC0115,C,0.35,0.35,2.0,2.0,CVH+06,
OGLE-CL SMC 199,12.5625,-73.05417,0.0,0.00,0.0,0.0,0.1061,MC0115,C,0.25,0.25,2.0,0.0,,
OGLE-CL SMC 220,13.80875,-72.60111,9.0,1.000.000.000.00,0.0,0.0,0.1,MC0094,C,0.35,0.35,0.0,0.0,CVH+06,
OGLE-CL SMC 238,16.967916,-72.53389,0.0,0.00,0.0,0.0,0.0919,MC0095,C,0.35,0.35,0.0,0.0,,
OGLE-CL SMC 53,12.327083,-73.21167,7.3,19952623.1496888,0.0,0.0,0.1134,MC0115,C,1.0,0.8,2.0,0.0,CVH+06,
OGLE-CL SMC 55,12.34,-73.18389,8.0,100.000.000.00,0.0,0.0,0.1134,MC0115,C,0.6,0.6,2.0,0.0,CVH+06,
OGLE-CL SMC 6,9.889167,-73.17694,8.65,446683592.150963,0.0,0.0,0.085,MC0114,C,0.8,0.8,2.0,0.0,GGK10,
OGLE-CL SMC 65,12.729167,-73.0575,8.2,158489319.246111,0.0,0.0,0.0874,MC0115,C,0.65,0.65,1.0,1.0,CVH+06,
[RZ2005] 201,18.96625,-73.346664,7.2,15848931.9246111,0.0,0.0,0.1466,MC0116,C,0.6,0.6,0.0,0.0,PdGR+15,
Sk158,18.9725,-73.31861,7.3,19952623.1496888,0.0,0.0,0.1466,MC0116,C,0.7,0.6,0.0,0.0,PdGR+15,
[PIR2016] VMC12,12.138333,-73.345,8.7,501187233.627272,0.0,0.0,0.0992,MC0114,C,0.5,0.5,3.0,3.0,PIR+16,
[PIR2016] VMC12,12.138333,-73.345,8.7,501187233.627272,0.0,0.0,0.0992,MC0115,C,0.5,0.5,2.0,0.0,PIR+16,
[PIR2016] VMC13,12.14,-73.391945,8.2,158489319.246111,0.0,0.0,0.0935,MC0114,C,0.6,0.6,3.0,3.0,PIR+16,
[PIR2016] VMC13,12.14,-73.391945,8.2,158489319.246111,0.0,0.0,0.0935,MC0115,C,0.6,0.6,2.0,0.0,PIR+16,
[PIR2016] VMC14,12.14625,-73.035,8.9,794328234.724282,0.0,0.0,0.1187,MC0115,C,0.5,0.5,2.0,2.0,PIR+16,
[PIR2016] VMC15,12.213333,-72.95389,8.9,794328234.724282,0.0,0.0,0.1173,MC0115,C,0.6,0.6,2.0,2.0,PIR+16,
[PIR2016] VMC16,12.229583,-73.305,9.0,1.000.000.000.00,0.0,0.0,0.0801,MC0115,C,0.5,0.5,2.0,2.0,PIR+16,
[PIR2016] VMC17,12.256667,-72.91278,8.4,251188643.150958,0.0,0.0,0.1173,MC0094,C,0.7,0.7,2.0,0.0,PIR+16,
[PIR2016] VMC17,12.256667,-72.91278,8.4,251188643.150958,0.0,0.0,0.1173,MC0115,C,0.7,0.7,2.0,0.0,PIR+16,
[PIR2016] VMC19,12.325,-72.94028,8.5,316227766.016838,0.0,0.0,0.1278,MC0094,C,0.8,0.8,3.0,3.0,PIR+16,
[PIR2016] VMC19,12.325,-72.94028,8.5,316227766.016838,0.0,0.0,0.1278,MC0115,C,0.8,0.8,2.0,2.0,PIR+16,
[PIR2016] VMC2,11.467917,-73.23194,8.5,316227766.016838,0.0,0.0,0.1342,MC0114,C,0.4,0.4,2.0,2.0,PIR+16,
[PIR2016] VMC21,12.3375,-72.92,8.3,199526231.496888,0.0,0.0,0.1278,MC0094,C,0.7,0.7,2.0,0.0,PIR+16,
[PIR2016] VMC21,12.3375,-72.92,8.3,199526231.496888,0.0,0.0,0.1278,MC0115,C,0.7,0.7,2.0,0.0,PIR+16,
[PIR2016] VMC22,12.350417,-73.16472,8.4,251188643.150958,0.0,0.0,0.1134,MC0115,C,0.6,0.6,2.0,2.0,PIR+16,
[PIR2016] VMC26,12.6125,-73.16139,8.1,125892541.179417,0.0,0.0,0.1,MC0115,C,0.8,0.8,2.0,0.0,PIR+16,
[PIR2016] VMC27,12.613333,-73.31167,8.1,125892541.179417,0.0,0.0,0.0874,MC0115,C,0.8,0.8,2.0,2.0,PIR+16,
[PIR2016] VMC29,12.670833,-73.0425,8.2,158489319.246111,0.0,0.0,0.0874,MC0115,C,0.8,0.8,2.0,2.0,PIR+16,
[PIR2016] VMC30,12.679167,-73.26139,8.8,630957344.480194,0.0,0.0,0.0874,MC0115,C,0.5,0.5,2.0,2.0,PIR+16,
[PIR2016] VMC31,12.679167,-73.013054,8.9,794328234.724282,0.0,0.0,0.1007,MC0115,C,0.7,0.7,2.0,2.0,PIR+16,
[PIR2016] VMC32,12.724583,-73.175,8.1,125892541.179417,0.0,0.0,0.0908,MC0115,C,0.6,0.6,2.0,2.0,PIR+16,
[PIR2016] VMC33,12.729167,-72.915,8.8,630957344.480194,0.0,0.0,0.1231,MC0094,C,0.6,0.6,2.0,2.0,PIR+16,
[PIR2016] VMC33,12.729167,-72.915,8.8,630957344.480194,0.0,0.0,0.1231,MC0115,C,0.6,0.6,2.0,2.0,PIR+16,
[PIR2016] VMC35,12.77125,-73.24834,7.5,31622776.6016838,0.0,0.0,0.0952,MC0115,C,0.6,0.6,2.0,2.0,PIR+16,
[PIR2016] VMC36,12.770417,-73.085,8.1,125892541.179417,0.0,0.0,0.0874,MC0115,C,0.7,0.7,2.0,0.0,PIR+16,
[PIR2016] VMC37,12.791667,-73.26361,7.3,19952623.1496888,0.0,0.0,0.0952,MC0115,C,0.6,0.6,2.0,0.0,PIR+16,
[PIR2016] VMC38,12.825,-73.179726,8.4,251188643.150958,0.0,0.0,0.0952,MC0115,C,0.6,0.6,2.0,0.0,PIR+16,
[PIR2016] VMC4,11.890417,-73.1575,8.9,794328234.724282,0.0,0.0,0.1454,MC0114,C,0.6,0.6,3.0,3.0,PIR+16,
[PIR2016] VMC4,11.890417,-73.1575,8.9,794328234.724282,0.0,0.0,0.1454,MC0115,C,0.6,0.6,2.0,2.0,PIR+16,
[PIR2016] VMC8,12.09,-73.34472,9.0,1.000.000.000.00,0.0,0.0,0.0992,MC0114,C,0.4,0.4,3.0,3.0,PIR+16,
[PIR2016] VMC8,12.09,-73.34472,9.0,1.000.000.000.00,0.0,0.0,0.0992,MC0115,C,0.4,0.4,2.0,2.0,PIR+16,
